id,review_id,url
1,5,"https://images.unsplash.com/photo-1560570803-7474c0f9af99?ixlib=rb-1.2.1&ixid=eyJhcHBfaWQiOjEyMDd9&auto=format&fit=crop&w=975&q=80"
2,5,"https://images.unsplash.com/photo-1561693532-9ff59442a7db?ixlib=rb-1.2.1&auto=format&fit=crop&w=975&q=80"
3,5,"https://images.unsplash.com/photo-1487349384428-12b47aca925e?ixlib=rb-1.2.1&ixid=eyJhcHBfaWQiOjEyMDd9&auto=format&fit=crop&w=1650&q=80"
4,9,"https://images.unsplash.com/photo-1542574621-e088a4464f7e?ixlib=rb-1.2.1&ixid=eyJhcHBfaWQiOjEyMDd9&auto=format&fit=crop&w=3028&q=80"
5,9,"https://images.unsplash.com/photo-1560294559-1774a164fb0a?ixlib=rb-1.2.1&ixid=eyJhcHBfaWQiOjEyMDd9&auto=format&fit=crop&w=1650&q=80"
6,9,"https://images.unsplash.com/photo-1555689502-c4b22d76c56f?ixlib=rb-1.2.1&ixid=eyJhcHBfaWQiOjEyMDd9&auto=format&fit=crop&w=668&q=80"
8,10,"https://images.unsplash.com/photo-1560829675-11dec1d78930?ixlib=rb-1.2.1&ixid=eyJhcHBfaWQiOjEyMDd9&auto=format&fit=crop&w=1652&q=80"
7,10,"https://images.unsplash.com/photo-1549812474-c3cbd9a42eb9?ixlib=rb-1.2.1&ixid=eyJhcHBfaWQiOjEyMDd9&auto=format&fit=crop&w=668&q=80"
9,10,"https://images.unsplash.com/photo-1559709319-3ae960cda614?ixlib=rb-1.2.1&ixid=eyJhcHBfaWQiOjEyMDd9&auto=format&fit=crop&w=668&q=80"
10,15,"https://images.unsplash.com/photo-1519689373023-dd07c7988603?ixlib=rb-1.2.1&ixid=eyJhcHBfaWQiOjEyMDd9&auto=format&fit=crop&w=668&q=80"
11,17,"https://images.unsplash.com/photo-1449505278894-297fdb3edbc1?ixlib=rb-1.2.1&auto=format&fit=crop&w=1650&q=80"
12,18,"https://images.unsplash.com/photo-1529108750117-bcbad8bd25dd?ixlib=rb-1.2.1&ixid=eyJhcHBfaWQiOjEyMDd9&auto=format&fit=crop&w=662&q=80"
13,20,"https://images.unsplash.com/photo-1526948128573-703ee1aeb6fa?ixlib=rb-1.2.1&auto=format&fit=crop&w=1650&q=80"
14,23,"https://images.unsplash.com/photo-1550188053-b4e1e8e4f94f?ixlib=rb-1.2.1&ixid=eyJhcHBfaWQiOjEyMDd9&auto=format&fit=crop&w=2775&q=80"
15,25,"https://images.unsplash.com/photo-1529108750117-bcbad8bd25dd?ixlib=rb-1.2.1&ixid=eyJhcHBfaWQiOjEyMDd9&auto=format&fit=crop&w=662&q=80"
16,26,"https://images.unsplash.com/photo-1517720359744-6d12f8a09b10?ixlib=rb-1.2.1&ixid=eyJhcHBfaWQiOjEyMDd9&auto=format&fit=crop&w=1567&q=80"
17,29,"https://images.unsplash.com/photo-1507920676663-3b72429774ff?ixlib=rb-1.2.1&auto=format&fit=crop&w=1567&q=80"
18,31,"https://images.unsplash.com/photo-1470282312847-28b943046dc1?ixlib=rb-1.2.1&auto=format&fit=crop&w=1652&q=80"
19,32,"https://images.unsplash.com/photo-1507920676663-3b72429774ff?ixlib=rb-1.2.1&auto=format&fit=crop&w=1567&q=80"
20,34,"https://images.unsplash.com/photo-1542818212-9899bafcb9db?ixlib=rb-1.2.1&ixid=eyJhcHBfaWQiOjEyMDd9&auto=format&fit=crop&w=1526&q=80"
2742519,5774897,"https://images.unsplash.com/photo-1519722417352-7d6959729417?ixlib=rb-1.2.1&ixid=eyJhcHBfaWQiOjEyMDd9&auto=format&fit=crop&w=668&q=80"
2742520,5774901,"https://images.unsplash.com/photo-1535639818669-c059d2f038e6?ixlib=rb-1.2.1&ixid=eyJhcHBfaWQiOjEyMDd9&auto=format&fit=crop&w=668&q=80"
2742521,5774902,"https://images.unsplash.com/photo-1517583010307-3f789911b89c?ixlib=rb-1.2.1&ixid=eyJhcHBfaWQiOjEyMDd9&auto=format&fit=crop&w=1536&q=80"
2742522,5774906,"https://images.unsplash.com/photo-1515886657613-9f3515b0c78f?ixlib=rb-1.2.1&ixid=eyJhcHBfaWQiOjEyMDd9&auto=format&fit=crop&w=962&q=80"
2742523,5774908,"https://images.unsplash.com/photo-1447879027584-9d17c2ca0333?ixlib=rb-1.2.1&ixid=eyJhcHBfaWQiOjEyMDd9&auto=format&fit=crop&w=1651&q=80"
2742524,5774910,"https://images.unsplash.com/photo-1541444446610-749d3299b35e?ixlib=rb-1.2.1&ixid=eyJhcHBfaWQiOjEyMDd9&auto=format&fit=crop&w=1650&q=80"
2742525,5774911,"https://images.unsplash.com/photo-1517583010307-3f789911b89c?ixlib=rb-1.2.1&ixid=eyJhcHBfaWQiOjEyMDd9&auto=format&fit=crop&w=1536&q=80"
2742526,5774914,"https://images.unsplash.com/photo-1526948128573-703ee1aeb6fa?ixlib=rb-1.2.1&auto=format&fit=crop&w=1650&q=80"
2742527,5774920,"https://images.unsplash.com/photo-1534960680480-ca9853707e10?ixlib=rb-1.2.1&ixid=eyJhcHBfaWQiOjEyMDd9&auto=format&fit=crop&w=2384&q=80"
2742528,5774924,"https://images.unsplash.com/photo-1454177643390-7f100d1bbeec?ixlib=rb-1.2.1&ixid=eyJhcHBfaWQiOjEyMDd9&auto=format&fit=crop&w=1650&q=80"
2742529,5774925,"https://images.unsplash.com/photo-1447879027584-9d17c2ca0333?ixlib=rb-1.2.1&ixid=eyJhcHBfaWQiOjEyMDd9&auto=format&fit=crop&w=1651&q=80"
2742530,5774926,"https://images.unsplash.com/photo-1526113438757-122d6d54da4e?ixlib=rb-1.2.1&auto=format&fit=crop&w=1563&q=80"
2742531,5774927,"https://images.unsplash.com/photo-1448526478325-616f2b15b04e?ixlib=rb-1.2.1&ixid=eyJhcHBfaWQiOjEyMDd9&auto=format&fit=crop&w=1567&q=80"
2742532,5774929,"https://images.unsplash.com/photo-1454024183771-42d54053cd75?ixlib=rb-1.2.1&ixid=eyJhcHBfaWQiOjEyMDd9&auto=format&fit=crop&w=1650&q=80"
2742533,5774933,"https://images.unsplash.com/photo-1517278322228-3fe7a86cf6f0?ixlib=rb-1.2.1&auto=format&fit=crop&w=1567&q=80"
2742534,5774934,"https://images.unsplash.com/photo-1519862170344-6cd5e49cb996?ixlib=rb-1.2.1&ixid=eyJhcHBfaWQiOjEyMDd9&auto=format&fit=crop&w=1650&q=80"
2742535,5774938,"https://images.unsplash.com/photo-1557804506-669a67965ba0?ixlib=rb-1.2.1&ixid=eyJhcHBfaWQiOjEyMDd9&auto=format&fit=crop&w=1567&q=80"
2742536,5774942,"https://images.unsplash.com/photo-1513531926349-466f15ec8cc7?ixlib=rb-1.2.1&ixid=eyJhcHBfaWQiOjEyMDd9&auto=format&fit=crop&w=1650&q=80"
2742537,5774945,"https://images.unsplash.com/photo-1501088430049-71c79fa3283e?ixlib=rb-1.2.1&ixid=eyJhcHBfaWQiOjEyMDd9&auto=format&fit=crop&w=668&q=80"
2742538,5774947,"https://images.unsplash.com/photo-1511499008188-de491bbbae98?ixlib=rb-1.2.1&auto=format&fit=crop&w=988&q=80"
2742539,5774950,"https://images.unsplash.com/photo-1544131750-2985d621da30?ixlib=rb-1.2.1&ixid=eyJhcHBfaWQiOjEyMDd9&auto=format&fit=crop&w=666&q=80"
2742540,5774951,"https://images.unsplash.com/photo-1553981834-a23f5b69e3ec?ixlib=rb-1.2.1&ixid=eyJhcHBfaWQiOjEyMDd9&auto=format&fit=crop&w=1650&q=80"